{
  "n_models": 12,
  "selected_configs": [
    39,
    43,
    18,
    42,
    17,
    38,
    37,
    26,
    40,
    24,
    12,
    35
  ],
  "individual_accs": [
    96.48397104446742,
    96.07032057911066,
    96.27714581178904,
    96.17373319544984,
    96.17373319544984,
    96.22543950361944,
    96.12202688728024,
    96.22543950361944,
    96.38055842812824,
    96.22543950361944,
    96.07032057911066,
    96.22543950361944
  ],
  "ensemble_val_acc": 96.58738366080661,
  "best_single_acc": 96.48397104446742,
  "improvement_vs_baseline": 0.8773836608066148,
  "improvement_vs_previous": 0.10738366080660455,
  "samples_corrected": 9,
  "samples_broken": 7
}