{
  "lr": 0.001,
  "weight_decay": 1e-06,
  "dropout_base": 0.35,
  "hidden_dims": [
    512,
    256,
    128
  ],
  "val_f1": 97.36365100131053,
  "val_precision": 97.39456592529467,
  "val_recall": 97.34904590377906
}